Table with row headers in column A and column headers in rows 8 through 9 and 63 through 64,,,,,,,,,,,,,,,,,,,,,,,,,,,,,,,,,,,,,,,,,,,,,,,,,,,,,,,,,,,,,,,,,,,,,,,,,,,,,,,,,,,,
Table H-8. Median Household Income by State: 1984 to 2023,,,,,,,,,,,,,,,,,,,,,,,,,,,,,,,,,,,,,,,,,,,,,,,,,,,,,,,,,,,,,,,,,,,,,,,,,,,,,,,,,,,,
"Information on confidentiality protection, sampling error, nonsampling error, and definitions is available at <https://www2.census.gov/programs-surveys/cps/techdocs/cpsmar24.pdf>.",,,,,,,,,,,,,,,,,,,,,,,,,,,,,,,,,,,,,,,,,,,,,,,,,,,,,,,,,,,,,,,,,,,,,,,,,,,,,,,,,,,,
Footnotes are available at <www.census.gov/topics/income-poverty/income/guidance/cps-historic-footnotes.html>.,,,,,,,,,,,,,,,,,,,,,,,,,,,,,,,,,,,,,,,,,,,,,,,,,,,,,,,,,,,,,,,,,,,,,,,,,,,,,,,,,,,,
"Source: U.S. Census Bureau, Current Population Survey, 1985 to 2024 Annual Social and Economic Supplements (CPS ASEC).",,,,,,,,,,,,,,,,,,,,,,,,,,,,,,,,,,,,,,,,,,,,,,,,,,,,,,,,,,,,,,,,,,,,,,,,,,,,,,,,,,,,
"(Households as of March of the following year. Income in current and 2023 C-CPI-U (2000-2023) and R-CPI-U-RS (pre-2000) adjusted dollars (28). Beginning in 2010, standard errors were calculated using replicate weights)",,,,,,,,,,,,,,,,,,,,,,,,,,,,,,,,,,,,,,,,,,,,,,,,,,,,,,,,,,,,,,,,,,,,,,,,,,,,,,,,,,,,
Current Dollars,,,,,,,,,,,,,,,,,,,,,,,,,,,,,,,,,,,,,,,,,,,,,,,,,,,,,,,,,,,,,,,,,,,,,,,,,,,,,,,,,,,,
State,2023,,2022,,2021,,2020 (41),,2019,,2018,,2017 (40),,2017,,2016,,2015,,2014,,2013 (39),,2013 (38),,2012,,2011,,2010 (37),,2009 (36),,2008,,2007,,2006,,2005,,2004 (revised),,2003,,2002,,2001,,2000 (30),,1999 (29),,1998,,1997,,1996,,1995 (25),,1994 (24),,1993 (23),,1992 (22),,1991,,1990,,1989,,1988,,1987 (21),,1986,,1985 (20),,1984 (19),
,Median income,Standard error,Median income,Standard error,Median income,Standard error,Median income,Standard error,Median income,Standard error,Median income,Standard error,Median income,Standard error,Median income,Standard error,Median income,Standard error,Median income,Standard error,Median income,Standard error,Median income,Standard error,Median income,Standard error,Median income,Standard error,Median income,Standard error,Median income,Standard error,Median income,Standard error,Median income,Standard error,Median income,Standard error,Median income,Standard error,Median income,Standard error,Median income,Standard error,Median income,Standard error,Median income,Standard error,Median income,Standard error,Median income,Standard error,Median income,Standard error,Median income,Standard error,Median income,Standard error,Median income,Standard error,Median income,Standard error,Median income,Standard error,Median income,Standard error,Median income,Standard error,Median income,Standard error,Median income,Standard error,Median income,Standard error,Median income,Standard error,Median income,Standard error,Median income,Standard error,Median income,Standard error,Median income,Standard error
United States,"80,610",385,"74,580",588,"70,780",368,"68,010",535,"68,700",550,"63,180",420,"61,140",322,"61,370",335,"59,040",436,"56,520",321,"53,660",392,"53,590",654,"51,940",276,"51,020",209,"50,050",251,"49,280",325,"49,780",213,"50,300",137,"50,230",140,"48,200",207,"46,330",155,"44,330",196,"43,320",188,"42,410",139,"42,230",129,"41,990",132,"40,700",190,"38,890",230,"37,010",171,"35,490",179,"34,080",197,"32,260",147,"31,240",146,"30,640",145,"30,130",144,"29,940",153,"28,910",159,"27,230",139,"26,060",127,"24,900",129,"23,620",128,"22,420",102
Alabama,"60,660","3,993","59,910","1,934","56,930","2,294","54,690","2,563","56,200","2,512","49,940","2,423","50,870","1,094","51,110",845,"47,220","2,301","44,510","3,419","42,280","1,529","47,320","5,511","41,380","2,315","43,460","2,529","42,590","2,021","40,930","2,396","39,980",904,"44,480","1,659","42,210","1,420","37,950","1,014","37,150","1,215","36,630","1,303","37,260","1,580","37,600","1,062","35,160","1,006","35,420","1,072","36,250","1,189","36,270","1,307","31,940","1,607","30,300","1,258","25,990","1,266","27,200","1,559","25,080","1,088","25,810","1,058","24,350","1,068","23,360","1,037","21,280","1,070","19,950",912,"19,730","1,147","19,130",885,"18,330",760,"17,310",605
Alaska,"98,190","6,112","89,740","4,842","81,130","3,967","74,750","3,557","78,390","6,685","68,730","3,390","77,990","3,718","72,230","2,719","75,720","4,086","75,110","3,485","67,630","3,153","72,470","5,446","61,140","3,301","63,650","2,839","57,430","3,710","57,850","2,390","61,600","1,751","63,990","2,302","62,990","1,583","56,420","1,495","55,890","1,331","55,060","2,071","51,840",981,"52,770","1,073","57,360","2,012","52,850","1,159","51,400","2,226","50,690","2,124","47,990","1,258","52,780","1,907","47,950","2,008","45,370","1,494","42,930","1,643","41,800","1,156","40,610","1,822","39,300","1,627","36,010","1,378","33,100","1,183","33,230","1,497","31,360","1,017","34,780","1,089","32,360","1,473"
Arizona,"82,660","2,723","73,450","4,123","70,820","3,394","67,090","3,409","70,670","3,391","62,280","2,291","59,700","2,689","61,130","2,642","57,100","1,971","52,250","2,008","49,250","2,304","52,610","4,365","50,600","4,831","47,040","2,922","48,620","2,424","46,900","2,227","45,740","1,241","46,910","1,125","47,220","1,555","46,660","1,246","45,250","1,271","43,850","1,143","41,170","1,422","39,730","1,003","42,700","1,441","39,780","1,210","37,000","1,133","37,090","1,255","32,740","1,297","31,640","1,274","30,860","1,360","31,290",773,"30,510","1,120","29,360","1,088","30,740",897,"29,220","1,141","28,550","1,210","26,440",843,"26,750",892,"25,500",718,"23,880",744,"21,430",609
Arkansas,"63,250","2,451","53,980","2,376","50,780","1,440","50,780","1,837","54,540","2,384","49,780","2,108","49,750","2,491","48,830","2,642","45,910","2,165","42,800","1,572","44,920","2,546","39,380","2,402","39,920","2,389","39,020","2,812","41,300","1,849","38,590","2,464","36,540",909,"39,590","1,194","40,800","1,348","37,060",767,"36,660","1,309","34,980",994,"32,000",776,"32,390",778,"33,340","1,144","29,700",772,"29,680","1,026","27,670","1,160","26,160","1,154","27,120",978,"25,810",999,"25,570",944,"23,040",847,"23,880","1,398","23,440",783,"22,790",981,"21,430",915,"20,170",706,"18,830","1,008","18,730",765,"17,450",764,"15,670",748
California,"89,870","1,840","85,300","1,960","81,580","1,219","77,650","1,437","78,100","1,850","70,490","1,233","70,040","1,576","69,760","1,452","66,640","1,075","63,640","1,711","60,490",894,"60,790","1,811","57,530","1,223","57,020","1,238","53,370","1,378","54,280","1,182","56,130",619,"57,010",829,"55,730",618,"55,320",695,"51,760",460,"49,220",660,"49,300",819,"47,440",766,"47,260",727,"46,820",686,"43,630",703,"40,930",577,"39,690",864,"38,810",818,"37,010",723,"35,330",619,"34,070",651,"34,900",629,"33,660",685,"33,290",565,"33,010",618,"30,290",634,"30,150",538,"29,010",570,"26,980",350,"25,290",364
Colorado,"96,640","6,194","89,930","3,790","84,950","3,155","83,780","6,019","72,500","5,221","73,030","3,562","74,980","2,661","74,170","2,982","70,570","4,125","66,600","3,682","60,940","2,414","67,910","4,129","63,370","2,800","57,260","2,708","58,630","2,553","60,230","2,481","55,930","1,595","60,940","1,898","61,140","1,014","55,700","1,524","50,450","1,287","50,890","1,590","49,940","1,158","48,290","1,464","49,400","1,190","48,240","1,237","48,180","1,483","46,600","1,086","43,230","1,944","40,950","1,329","40,710","1,552","37,830","1,446","34,490","1,569","32,480","1,471","31,500","1,245","30,730",906,"26,810","1,398","26,210","1,285","26,480","1,075","27,190",926,"28,180",850,"25,800",805
Connecticut,"92,240","5,980","90,730","4,245","80,960","5,261","79,430","3,602","87,290","4,630","72,810","5,119","74,300","3,453","72,780","3,509","75,920","3,404","72,890","4,449","70,160","2,665","69,290","3,238","67,780","2,547","64,250","2,853","65,420","3,014","66,000","2,095","64,850","2,308","64,680","2,701","64,140","2,049","62,400","2,162","56,840","1,633","55,100","1,648","54,970","1,561","53,390","1,370","53,350","1,240","50,170","1,357","50,590","2,296","46,510","2,728","43,990","1,989","42,120","3,087","40,240","2,269","41,100","1,595","39,520","1,660","40,840","1,972","42,150","1,944","38,870","2,097","42,320","1,592","36,210","1,293","32,860","1,362","32,720","1,605","31,090","1,129","29,950","1,238"
Delaware,"86,340","3,867","80,750","4,160","68,690","2,919","70,020","5,283","74,190","3,009","65,010","3,599","64,960","5,230","62,320","3,300","58,050","2,992","57,760","3,392","57,520","2,970","54,090","4,350","52,220","2,486","48,970","1,976","54,660","1,745","55,210","2,255","52,110","1,781","50,700","1,388","54,590","2,159","52,440","1,730","51,240","1,076","48,050","1,421","49,020","1,378","49,650","1,685","49,600","1,468","50,370","1,508","46,630","2,281","41,460","1,753","43,030","2,062","39,310","1,402","34,930","1,848","35,870","1,191","36,060",849,"35,680","1,393","32,590","1,111","30,800","1,113","32,070","1,133","30,510","1,167","29,240",875,"25,630","1,212","22,980","1,366","25,820","1,027"
District of Columbia,"111,000","4,904","101,700","3,114","90,640","3,756","88,220","3,511","93,110","3,884","85,750","2,659","81,280","1,903","83,380","3,319","70,980","2,734","70,070","2,861","68,280","4,402","60,060","5,529","60,680","3,082","65,250","3,671","55,250","2,109","56,930","3,333","53,140","2,088","55,590","1,763","50,780","1,097","48,480","1,679","44,990","2,167","43,450","1,864","45,040","1,418","39,070",995,"41,170","1,023","41,220","1,072","38,670","1,599","33,430","1,311","31,860",984,"31,970","1,578","30,750","1,182","30,120","1,107","27,300","1,726","30,250","1,124","29,890","1,903","27,390","1,562","26,750","1,015","26,740",748,"27,460","1,285","24,320","1,252","21,080",756,"20,410",860
Florida,"72,200","1,537","65,370","1,950","59,730","1,509","57,760","1,814","58,370","1,579","54,640","1,887","53,090","1,438","53,680","1,816","51,180",835,"48,830","1,395","46,140",950,"48,530","2,815","47,890","1,573","46,070","1,110","45,110","1,138","44,070","1,544","45,630",706,"44,860",858,"45,790",570,"45,680",629,"42,990",810,"40,540",632,"38,970",759,"38,020",828,"36,420",417,"38,860",743,"35,830",627,"34,910",767,"32,460",583,"30,640",513,"29,750",612,"29,290",632,"28,550",707,"27,350",526,"27,250",475,"26,690",454,"26,090",475,"25,410",475,"24,490",476,"22,850",540,"21,340",437,"19,790",468
Georgia,"72,420","3,218","67,730","2,981","61,500","2,266","59,270","2,063","56,630","1,782","55,820","2,032","57,990","2,288","57,020","2,434","53,530","1,679","50,770","1,401","49,560","2,009","46,990","4,236","47,440","1,959","48,120","1,504","45,970","2,483","44,120","1,822","43,340","1,256","46,230","1,164","48,640","1,078","49,340","1,210","45,930",838,"40,980",618,"42,440",979,"42,940","1,107","42,580","1,073","41,900",831,"39,430","1,355","38,670","1,179","36,660",916,"32,500","1,666","34,100",897,"31,470","1,238","31,660","1,254","28,800","1,228","27,210","1,088","27,560","1,186","27,540","1,021","26,570",896,"26,710","1,380","24,370","1,112","21,050",788,"19,980",815
Hawaii,"97,360","4,928","91,010","3,712","82,200","3,790","80,830","2,427","88,010","3,565","80,110","3,482","73,600","2,352","73,580","2,227","72,130","2,510","64,510","2,840","71,220","2,676","64,240","3,918","61,410","2,207","56,260","2,255","59,050","2,531","59,540","2,731","55,650","2,023","61,520","1,481","64,020","2,125","60,470","1,571","59,590","1,212","56,240","1,690","51,830","1,332","47,300","1,371","47,440","1,256","51,550","1,193","44,500","1,832","40,830","2,369","40,930","1,399","41,770","1,893","42,850","1,292","42,260","2,423","42,660","1,759","42,110","1,435","37,250","1,630","38,920","1,414","35,040","1,328","33,020","1,482","35,020","1,074","29,000","1,206","28,960","1,446","28,880","1,216"
Idaho,"73,910","2,417","72,580","2,657","76,920","1,837","66,730","1,988","65,990","2,152","58,730","2,405","59,500","2,259","60,210","2,400","56,560","1,261","51,620","1,260","53,440","2,572","48,470","5,484","51,770","3,656","47,920","3,173","47,460","3,488","47,050","1,869","46,780","1,264","47,420","1,681","49,180","1,291","46,210","1,312","44,180","1,254","44,360","1,387","42,370",982,"37,720","1,121","38,240",966,"37,610","1,192","35,800","1,413","36,680","1,090","33,400","1,339","34,710","1,341","32,680","1,116","31,540","1,278","31,010","1,323","27,700",874,"26,120","1,029","25,310",975,"24,650",953,"23,450","1,004","20,760",834,"20,750",680,"20,760",598,"21,090",963
Illinois,"87,820","3,527","78,020","2,365","79,250","1,771","74,330","2,227","74,400","2,625","70,150","2,253","65,970","1,667","64,610","1,999","61,390","1,761","60,410","1,999","54,920","1,625","53,940","3,287","57,200","1,744","51,740","1,328","50,640","1,374","50,730","1,474","52,870",941,"53,250","1,325","52,510",950,"48,670","1,167","48,400",986,"46,080",823,"45,150","1,072","42,710",856,"46,170",879,"46,060",966,"46,330","1,028","43,180","1,234","41,280",782,"39,550","1,107","38,070",875,"35,080",799,"32,860",810,"31,550",752,"31,880",714,"32,540",724,"31,300",623,"29,520",754,"27,080",536,"26,510",634,"24,870",523,"23,750",567
Indiana,"76,910","3,445","70,030","2,717","70,190","2,519","66,810","4,176","66,690","3,112","59,890","1,997","58,770","1,655","58,870","2,026","56,090","2,877","51,980","1,682","48,060","1,943","49,460","4,508","50,550","3,220","46,160","1,787","44,450","2,309","46,140","2,573","44,310","1,085","46,520","1,185","47,450","1,255","45,410","1,236","42,440","1,100","42,330","1,151","42,430",959,"41,050",748,"40,380",948,"40,870",679,"40,840","1,719","39,730","1,589","38,890","1,183","35,150","1,298","33,390","1,444","27,860","1,032","29,480","1,361","28,530","1,315","27,090",922,"26,930","1,099","25,900","1,022","26,290",931,"22,520",944,"22,730",709,"22,680",626,"22,770",710
Iowa,"80,860","4,593","76,320","3,355","72,430","3,508","68,820","3,347","66,050","4,009","68,720","2,910","63,470","4,760","63,480","5,512","59,090","2,484","60,860","3,275","57,810","3,425","60,160","6,134","54,860","1,967","53,440","2,138","50,220","1,974","49,020","1,342","50,720","1,535","50,140","1,293","48,910","1,451","48,130","1,491","46,500","1,339","43,390","1,521","41,380",884,"41,050","1,152","40,980","1,133","40,990",811,"41,100","1,130","37,020","1,202","33,780","1,282","33,210","1,527","35,520",942,"33,080","1,280","28,660","1,240","28,740",972,"28,550","1,012","27,290",986,"26,270",792,"24,310","1,078","22,190",912,"22,460",750,"20,930",604,"19,860",745
Kansas,"84,830","5,520","73,040","3,440","75,980","4,213","73,080","3,632","73,150","4,329","63,940","2,027","56,900","1,937","57,870","2,898","56,810","3,268","54,870","3,731","53,440","2,863","47,820","4,496","51,490","1,498","50,000","1,812","46,150","1,950","46,050","1,816","44,720","1,788","47,880","1,410","48,500","1,805","45,550","1,252","42,030",985,"41,070","1,749","44,230","1,326","42,620","1,047","41,420","1,115","41,060","1,168","37,350","2,078","36,710","1,617","36,470","1,614","32,590","1,460","30,340",921,"28,320","1,064","29,770","1,144","30,350","1,137","29,300",934,"29,920","1,179","26,860",908,"25,570","1,153","25,580",900,"23,930",782,"22,790","1,033","24,630",912
Kentucky,"61,980","3,789","55,870","4,060","55,630","3,025","56,760","2,353","55,660","2,553","54,560","3,668","49,670","1,885","51,350","1,364","45,370","2,005","42,390","2,269","42,790","1,580","44,880","3,924","42,160","1,874","41,090","1,900","39,860","1,847","41,100","2,823","42,660","1,313","41,150",812,"39,450","1,211","39,490","1,051","36,700",898,"35,610","1,218","36,940",857,"36,760",874,"38,440","1,009","36,270",848,"33,740","1,484","36,250","1,511","33,450","1,659","32,410","1,439","29,810","1,149","26,600","1,028","24,380","1,091","23,490","1,259","23,760","1,046","24,780","1,213","23,280","1,206","19,910",801,"20,670",939,"19,870","1,006","17,360",748,"17,680","1,079"
Louisiana,"57,650","2,368","58,320","2,024","57,210","2,879","51,190","1,602","51,710","1,412","49,970","1,754","43,570","2,088","43,900","1,453","42,200","1,197","45,920","2,140","42,410","1,862","46,430","2,543","39,620","2,857","39,090","1,611","40,660","1,929","39,300","3,248","45,430","1,813","39,560","1,486","41,310",937,"36,490","1,425","37,240","1,297","36,430","1,243","33,510","1,103","34,010","1,258","33,320","1,195","30,720",828,"32,650","1,244","31,740","1,660","33,260","1,551","30,260","1,290","27,950","1,090","25,680","1,501","26,310","1,164","25,440","1,142","25,300","1,156","22,410","1,580","22,860","1,857","20,500","1,474","21,350",858,"20,890",956,"21,180",728,"18,950",880
Maine,"75,740","4,165","75,160","3,545","71,140","3,092","63,690","3,437","66,550","5,002","58,660","5,683","53,320","3,121","51,660","2,146","50,860","3,346","50,760","1,929","51,710","2,171","54,960","3,863","50,120","1,953","49,160","2,247","49,690","1,983","47,930","1,687","47,500","1,739","47,230","1,436","47,890","1,398","45,640","1,797","43,920","1,433","41,330","1,223","37,110",945,"36,850",846,"36,610",952,"37,270",853,"38,860","1,319","35,640","1,049","32,770","1,301","34,700","1,211","33,860","1,088","30,320","1,537","27,440","1,203","29,620","1,026","27,870","1,253","27,460","1,572","28,220","1,389","26,400",942,"23,600","1,019","23,420",970,"20,520",803,"20,650",884
Maryland,"102,000","5,939","108,200","5,355","97,330","4,492","94,790","4,236","95,570","3,284","86,220","3,331","82,090","3,643","81,080","3,652","73,760","2,591","73,590","2,692","76,170","4,272","69,350","2,970","65,260","4,386","71,840","1,851","68,880","2,125","64,200","2,297","64,190","1,674","63,710","1,769","65,630","1,661","63,670","1,601","60,510","1,477","57,100","1,692","52,310","1,223","56,410","1,532","53,530","1,652","54,540","1,400","52,210","2,217","50,020","2,161","46,690","1,476","43,990","2,565","41,040","1,627","39,200","1,400","39,940","1,282","37,200","1,626","36,950","1,417","38,860","1,596","36,020","1,187","36,550","1,196","34,970","1,388","30,600","1,036","30,140",966,"29,710","1,151"
Massachusetts,"106,500","3,118","93,550","3,280","86,570","4,099","87,810","6,327","87,710","2,828","86,350","2,785","76,240","2,394","73,230","3,328","72,270","2,911","67,860","2,790","63,150","2,662","62,530","5,303","62,960","3,456","63,660","3,773","63,310","3,226","60,930","2,193","59,370","1,749","60,320","1,674","58,460","2,231","55,330","2,079","56,020","1,754","52,020","1,667","50,960",953,"49,860","1,153","52,250","1,518","46,750","1,357","44,010","2,023","42,350","1,961","42,020","1,383","39,490","1,932","38,570","1,475","40,500","1,060","37,060",949,"36,360",738,"35,710",790,"36,250",828,"36,090",704,"33,210",839,"32,240",716,"30,340",735,"28,210",810,"26,960",693
Michigan,"76,960","2,965","68,990","2,794","64,490","3,819","64,390","3,191","64,120","1,680","60,450","1,906","56,410","2,286","57,700","2,337","57,090","1,908","54,200","2,005","52,010","1,199","56,570","1,587","48,800","2,229","50,020","1,515","48,880","1,844","46,280","1,737","45,990","1,003","49,790","1,154","49,370",798,"48,650",966,"45,930",915,"42,260",858,"45,020",950,"42,720","1,115","45,050",868,"45,510","1,095","46,090","1,026","41,820",917,"38,740","1,108","39,230","1,143","36,430",994,"35,280",685,"32,660",682,"32,270",761,"32,120",689,"29,940",663,"30,780",790,"29,470",607,"27,700",724,"26,610",648,"24,240",838,"22,970",635
Minnesota,"90,340","3,160","90,390","4,307","80,440","5,050","78,750","3,393","81,430","2,988","71,820","3,656","69,980","4,649","71,920","2,991","70,220","4,045","68,730","3,063","67,240","3,207","64,320","3,992","60,910","1,843","61,800","1,339","57,820","2,380","52,320","1,606","56,090","1,237","54,930","1,427","58,060","1,888","56,210","1,218","54,220","1,244","56,100","1,070","52,820","1,228","54,620","1,196","52,680","1,134","54,250","1,703","47,040","1,527","47,930","2,115","42,560","1,510","40,990","1,225","37,930","1,848","33,640","1,360","33,680","1,212","30,980","1,297","29,480","1,146","31,470","1,028","30,190","1,278","29,090","1,041","28,080","1,113","26,440","1,150","23,860","1,022","24,440",914
Mississippi,"55,060","2,393","48,610","2,427","46,640","1,805","45,130","2,623","44,790","2,997","42,780","2,304","43,280","1,795","43,440","2,204","41,100","1,226","40,040","1,071","35,520","1,294","32,340","2,730","40,850","2,144","36,640","1,546","41,090","2,366","38,160","2,830","35,080","1,304","36,450",830,"37,280",951,"34,730","1,583","32,880","1,292","34,760","1,132","32,730","1,113","30,880",766,"30,160","1,186","34,300","1,354","32,480","1,408","29,120","1,158","28,500","1,386","26,680","1,316","26,540","1,028","25,400",752,"22,190","1,229","20,570","1,074","19,480","1,053","20,180",802,"19,920",947,"18,170",888,"18,510",901,"16,510",639,"16,410",619,"15,430",732
Missouri,"78,290","3,669","71,520","4,037","63,590","2,710","62,180","2,715","60,600","2,932","61,730","2,442","56,530","2,333","56,890","2,611","55,020","1,719","59,200","2,607","56,630","3,030","46,300","4,134","50,310","3,698","49,760","2,042","45,770","2,157","45,820","2,157","48,770","1,595","46,040","1,146","46,010","1,104","44,580","1,402","42,990",989,"42,140","1,073","43,760",875,"42,780","1,074","41,340","1,204","45,100","1,187","41,380","1,191","40,200","1,868","36,550","2,060","34,270","1,513","34,830","1,373","30,190","1,442","28,680","1,466","27,360","1,451","27,930","1,415","27,330","1,394","26,500",746,"23,440","1,088","23,720","1,167","21,930",772,"21,940",608,"20,780",715
Montana,"79,220","4,070","72,970","2,878","65,000","5,000","56,740","2,497","60,190","2,294","57,680","2,876","57,410","2,223","59,090","2,589","57,080","2,880","51,400","2,937","51,100","1,778","43,200","5,946","44,130","3,252","45,090","2,565","40,280","2,036","41,280","1,847","40,440","1,002","42,900","1,764","43,660","1,699","41,110",697,"37,310","1,161","33,960",709,"34,110","1,067","34,840","1,212","32,130",737,"32,780","1,001","31,040",966,"31,580","1,133","29,210","1,145","28,680","1,566","27,760","1,105","27,630","1,246","26,470",965,"26,530",728,"24,830",890,"23,380",983,"23,690","1,311","22,230",829,"20,470",799,"20,330",749,"20,240",800,"19,540",720
Nebraska,"89,190","4,239","78,360","3,148","78,110","3,963","72,250","2,453","73,070","3,259","67,580","3,933","59,580","2,790","59,620","2,848","59,370","2,678","60,470","2,937","56,870","2,254","57,620","4,217","53,770","1,815","52,200","2,699","55,620","2,693","52,500","1,761","49,600","1,657","50,730","1,254","49,170","1,379","48,150","1,490","47,920","1,447","43,790","1,332","43,970","1,306","42,800","1,038","43,610","1,116","41,750","1,018","38,630","1,366","36,410","1,549","34,690","1,528","34,010","1,500","32,930","1,155","31,790","1,116","31,010",833,"30,050","1,071","29,550","1,007","27,480","1,128","26,320","1,521","25,160",960,"23,270",761,"21,770",814,"21,800",914,"21,400",765
Nevada,"81,310","3,631","72,330","3,554","64,340","3,500","61,160","2,427","70,910","3,465","61,860","2,116","58,040","2,952","56,550","3,039","55,430","2,137","52,010","2,272","49,880","1,836","51,850","3,178","45,370","2,830","47,330","2,533","47,040","2,669","51,200","1,922","51,430","1,097","54,740","2,658","54,060","1,294","52,280","1,252","48,210","1,680","47,200","1,382","45,180","1,554","44,960","1,161","45,400","1,130","45,760","1,011","41,460","1,764","39,760","1,225","38,850","1,576","38,540","1,615","36,080","1,314","35,870","1,534","35,810","1,078","31,910",796,"32,940","1,564","32,020","1,179","29,340",948,"27,980",956,"26,880","1,128","26,220",895,"23,270","1,005","25,780","1,018"
New Hampshire,"98,780","4,779","84,970","5,553","88,840","4,818","88,890","3,481","86,900","2,721","81,350","3,394","75,630","3,941","74,800","3,041","76,260","2,913","75,680","3,519","73,400","3,253","69,100","3,967","71,320","3,261","67,820","2,224","65,880","1,652","66,630","1,651","64,130","1,856","66,180","3,204","67,580","1,846","61,970","1,479","56,980","2,026","56,820","1,324","55,570","1,304","55,320","1,289","51,330",719,"50,930","1,243","46,060","1,952","44,960","1,866","41,000","1,604","39,410","1,734","39,170","1,556","35,250","1,837","37,960","1,620","39,440","1,922","36,030","1,339","40,810","1,313","37,530","1,371","34,630","1,129","32,340","1,450","30,550",829,"26,400","1,074","25,910",735
New Jersey,"91,590","4,838","92,340","3,453","88,560","4,751","85,550","4,056","87,730","4,069","74,180","2,845","71,240","4,129","73,000","2,999","68,470","2,867","68,360","3,132","65,240","2,693","63,750","4,464","61,780","3,058","66,690","1,960","62,340","3,028","62,970","2,443","64,780","1,919","65,310","2,297","60,510","1,458","68,060","1,979","63,370","2,257","55,280","1,283","56,050","1,023","54,570","1,605","51,770",933,"50,410",991,"49,730","1,405","49,830","1,436","48,020","1,424","47,470","1,217","43,920","1,400","42,280","1,064","40,500",986,"39,000",841,"40,050","1,033","38,730",864,"39,120",948,"36,290",658,"34,240",794,"31,720",842,"30,980",643,"27,780",800
New Mexico,"60,980","2,663","56,420","2,348","53,460","3,142","50,910","1,719","53,110","2,196","48,280","2,202","45,600","1,826","47,860","1,969","48,450","2,961","45,120","2,885","46,690","3,312","40,170","4,408","42,130","2,670","43,420","2,267","41,980","2,154","45,130","3,016","43,540","1,494","42,100","1,381","44,360","1,474","40,030","1,257","38,950","1,700","39,560","1,584","35,110","1,142","35,460","1,061","33,120","1,238","35,090","1,248","32,570","1,746","31,540","1,398","30,090","1,157","25,090","1,091","25,990","1,100","26,910","1,382","26,760",853,"25,860","1,347","26,540","1,195","25,040","1,048","22,600","1,029","19,300",833,"20,760",621,"19,850",693,"20,420","1,025","20,630","1,029"
New York,"81,600","1,979","75,910","2,009","72,920","2,771","68,660","2,397","71,850","1,699","67,270","1,722","61,540","1,722","62,450","2,093","61,440","1,405","58,010","2,205","54,310","1,781","49,970","2,267","53,840","1,642","47,680","1,585","50,640","1,006","49,780","1,320","50,220",599,"50,460",682,"48,940",918,"48,220",989,"47,180",827,"44,650",792,"42,790",872,"41,970",580,"42,110",600,"40,740",581,"39,990",879,"37,390",777,"35,800",634,"35,410",746,"33,030",716,"31,900",477,"31,700",556,"31,050",529,"31,790",538,"31,590",511,"31,500",453,"28,920",668,"26,380",456,"25,030",474,"23,640",523,"22,030",417
North Carolina,"68,610","3,286","65,070","2,996","62,890","2,101","60,430","1,648","61,160","1,649","53,370","1,761","49,550","2,217","50,340","1,760","53,760","1,629","50,800","1,343","46,780","1,710","46,340","2,974","41,210","2,058","41,550","1,294","45,210","1,560","43,830","1,923","41,910",576,"42,930",846,"43,510","1,072","39,800",815,"42,060",964,"40,240",812,"37,280",941,"36,520",716,"38,160",951,"38,320",806,"37,250",960,"35,840","1,022","35,840",917,"35,600","1,008","31,980",888,"30,110",670,"28,820",653,"27,770",616,"26,850",510,"26,330",556,"26,410",517,"24,420",536,"22,760",542,"21,860",698,"21,450",585,"20,570",641
North Dakota,"76,960","4,466","78,720","4,371","68,880","2,731","64,120","2,341","70,030","3,170","66,510","3,095","60,170","2,102","59,890","1,676","60,180","2,290","57,420","3,233","60,730","3,138","59,150","3,451","52,890","2,863","55,770","2,123","56,360","2,960","51,010","2,311","50,080","1,738","49,630","1,188","47,210","1,280","41,050","1,405","42,190","1,221","39,220","1,251","40,410",852,"36,200",824,"35,790",804,"36,000","1,065","32,660","1,383","30,300","1,179","31,660","1,361","31,470","1,184","29,090","1,217","28,280","1,115","28,120",835,"26,960",901,"25,890",932,"25,260","1,003","25,230",903,"24,090","1,009","22,580",905,"21,510",785,"21,210",809,"20,770","1,038"
Ohio,"73,770","2,968","67,520","2,214","62,690","2,930","60,380","1,542","64,660","3,011","61,630","2,254","60,690","1,892","59,770","1,890","53,990","1,894","53,300","1,957","49,640","1,393","50,750","2,448","46,400","1,386","44,380","1,723","44,650","1,200","45,890","1,493","45,880",626,"46,930",848,"49,100","1,085","45,900",633,"44,200","1,046","43,060",977,"43,520",930,"42,680",777,"41,790",661,"42,960",732,"39,490",989,"38,930","1,576","36,130",894,"34,070","1,063","34,940",988,"31,860",584,"31,290",658,"31,400",587,"29,790",759,"30,010",720,"29,020",655,"27,740",636,"25,770",555,"25,120",588,"25,170",564,"23,120",492
Oklahoma,"67,330","2,374","63,440","3,371","60,100","3,913","52,470","1,911","59,400","2,357","54,430","2,774","51,880","3,109","55,010","3,102","50,940","1,652","47,080","1,937","47,200","2,775","46,160","3,442","43,780","4,085","48,410","2,821","48,460","2,395","43,100","2,073","45,880","1,139","46,110",931,"43,220","1,453","38,840","1,597","37,650","1,449","39,610","1,122","35,900",781,"36,460",613,"35,610",690,"32,430",709,"32,680","1,491","33,730","1,232","31,350","1,025","27,440","1,089","26,310",880,"26,990","1,213","26,260","1,492","25,280","1,075","25,460","1,079","24,380","1,044","23,670","1,236","23,670",756,"21,690",884,"20,950",871,"21,210",764,"21,150",718
Oregon,"88,740","3,778","86,780","3,431","81,850","3,071","76,850","3,583","74,410","5,675","69,170","3,655","62,500","2,542","64,610","2,856","59,140","2,622","60,830","2,374","58,880","2,998","49,000","2,887","56,310","2,022","51,780","2,330","51,530","1,607","50,600","1,505","49,100","1,644","51,730","1,374","50,240","1,357","47,090","1,396","44,160","1,391","40,990","1,051","41,640",965,"41,800",855,"41,270",752,"42,500",936,"40,620","1,252","39,070","1,927","37,250","1,788","35,490","1,274","36,370",970,"31,460","1,128","33,140","1,160","31,930","2,039","30,190","1,087","29,280",966,"28,530","1,435","27,750","1,150","25,040","1,092","24,770","1,002","21,890","1,042","21,400",745
Pennsylvania,"79,820","3,597","72,210","2,594","72,630","2,054","70,790","3,413","70,580","3,226","64,520","1,635","61,290","1,846","63,170","2,753","60,980","2,036","60,390","2,227","55,170","2,266","55,160","2,936","53,950","1,606","51,900","1,405","49,910","1,694","48,310","1,508","48,170",937,"51,400",589,"48,440",932,"48,480",869,"46,300",745,"44,110","1,039","42,930",778,"42,500",795,"43,500",723,"42,180",704,"37,760","1,141","39,020","1,080","37,520",964,"34,900",974,"34,520",683,"32,070",654,"31,000",694,"29,880",667,"30,370",614,"29,010",688,"28,690",684,"26,740",497,"25,420",541,"23,810",495,"22,880",538,"20,350",499
Rhode Island,"81,860","4,838","80,650","4,121","74,980","4,221","80,170","3,382","70,150","4,980","62,270","3,348","65,400","4,044","66,390","4,209","61,530","2,828","55,700","3,247","58,630","4,001","56,320","3,852","57,810","2,135","56,070","2,561","49,030","2,283","51,620","1,730","51,630","1,446","53,240","2,399","54,210","1,849","53,740","1,823","49,480","1,456","47,940","1,972","44,710","1,249","42,420",875,"45,720","1,147","42,200","1,018","42,720","1,980","40,690","2,657","34,800","2,235","36,990","1,036","35,360","1,373","31,930","1,321","33,510","1,547","30,430","1,433","30,840","1,091","31,970","1,175","30,120","1,354","29,840","1,584","28,290","1,440","26,540","1,060","24,630",900,"21,610",848
South Carolina,"69,100","2,154","61,770","2,601","62,540","2,161","60,340","1,981","62,030","1,783","57,440","2,082","54,540","2,133","54,970","2,078","54,340","3,153","46,360","2,266","44,930","2,244","43,560","2,388","43,750","2,970","44,400","2,157","40,080","1,702","41,700","1,460","41,100","1,113","42,160","1,121","44,210","1,553","39,620","1,347","40,230","1,204","38,690","1,021","38,480","1,121","37,810","1,224","37,740","1,023","37,570",937,"36,460","1,728","33,270","1,310","34,260","1,609","34,670","1,405","29,070","1,400","29,850","1,139","26,050",960,"27,580","1,434","27,460","1,137","28,740","1,383","23,800","1,059","25,530","1,150","25,050","1,136","21,970",864,"20,040",862,"20,310",934
South Dakota,"81,740","4,466","67,180","3,398","73,890","2,655","70,190","4,333","64,260","3,776","59,460","2,642","56,910","3,986","56,890","3,633","57,450","3,075","55,070","2,604","53,050","3,542","53,410","2,917","54,450","3,030","49,420","1,705","47,220","2,147","45,350","2,045","45,830","1,289","51,600",995,"46,420",900,"45,430","1,641","43,150","1,369","41,110",995,"39,520","1,004","37,870",953,"39,670",856,"36,480",687,"35,830",944,"32,790","1,013","29,690","1,145","29,530","1,003","29,580","1,610","29,730","1,185","27,740","1,040","26,260",669,"24,640",780,"24,570",858,"24,110",999,"22,290",703,"21,150",597,"19,900",664,"18,140",702,"19,410",928
Tennessee,"72,700","2,948","65,380","2,564","62,170","2,640","54,970","1,804","56,630","2,766","56,060","1,442","55,310","2,131","55,240","2,162","51,340","1,387","47,330","1,708","43,720","2,326","43,360","3,435","42,500","2,934","43,000","2,407","42,280","2,556","38,590","1,257","40,520",988,"39,700","1,211","41,200","1,116","40,690",755,"39,410","1,191","38,070","1,057","37,520","1,181","37,030","1,111","35,780",791,"34,100",930,"36,520","1,310","34,090","1,307","30,640","1,358","30,790","1,087","29,020","1,268","28,640","1,028","25,100",831,"24,320",913,"24,450",915,"22,590",869,"22,610","1,305","20,860","1,017","21,180",795,"18,260",884,"17,780",557,"16,780",576
Texas,"79,060","2,084","74,640","1,832","67,400","1,525","68,400","1,938","67,440","1,769","59,790","1,372","60,090","1,326","59,300","1,702","58,150","1,407","56,470","1,289","53,880","1,344","51,410","1,360","53,030","1,613","51,930",950,"49,050","1,153","47,270","1,159","47,480",743,"46,490",674,"46,050",700,"43,310",828,"41,420",420,"41,400",549,"39,270",762,"40,150",563,"40,860",512,"38,610",785,"38,690","1,020","35,780",662,"35,080",880,"33,070",763,"32,040",634,"30,760",655,"28,730",613,"27,950",634,"27,730",626,"28,230",716,"25,890",559,"24,960",582,"24,720",637,"24,160",514,"23,740",546,"23,020",533
Utah,"101,200","4,985","95,800","4,030","87,650","4,238","83,990","2,880","84,520","3,494","77,070","2,327","69,790","2,164","71,320","2,250","67,480","2,237","66,260","2,462","63,380","3,231","61,050","1,553","62,970","4,137","58,340","2,944","55,490","1,659","56,700","1,962","58,490","1,588","62,540","1,526","53,530","1,218","54,630","1,671","54,810","1,303","50,870",927,"49,280",902,"47,860","1,146","47,340","1,601","47,550","1,041","46,050","1,615","44,300","1,375","42,780","1,785","37,040","1,330","36,480",919,"35,720","1,041","35,790","1,242","34,250","1,145","28,020","1,359","30,140","1,018","30,720","1,014","26,310",909,"26,530","1,194","26,280",810,"25,240",702,"23,060",735
Vermont,"85,190","4,567","72,190","4,163","76,080","3,471","67,260","4,095","74,310","3,084","70,070","2,350","63,680","3,308","63,810","3,133","60,840","1,364","59,490","2,622","60,710","3,098","65,510","4,013","54,840","2,981","55,580","3,030","51,860","2,007","55,930","2,247","52,320","1,438","50,710",982,"47,390","1,398","51,980","1,266","50,700","1,309","47,330","1,270","43,260",977,"43,000",830,"40,790",944,"39,590",921,"41,580","1,407","39,370","1,591","35,050","1,727","32,360","1,250","33,820","1,242","35,800","1,906","31,070",956,"32,760","1,333","29,160","1,222","31,100","1,331","31,300","1,136","28,990","1,077","25,420","1,374","24,600","1,003","26,000",942,"22,580",983
Virginia,"96,490","4,469","85,170","4,082","80,270","2,953","82,210","3,115","81,310","3,056","77,150","3,086","70,810","3,805","71,290","3,276","66,450","2,436","61,490","2,439","66,160","2,946","65,910","2,740","67,620","2,542","64,630","2,166","62,620","1,773","60,370","1,965","60,500","1,193","61,990","1,447","59,160","1,365","57,120","1,592","51,910","1,185","51,140","1,116","54,780","1,563","49,630","1,290","50,240","1,148","47,160","1,065","45,690","1,770","43,350","2,195","42,960","1,897","39,210","1,459","36,220","1,391","37,650","1,531","36,430","1,387","38,200","1,359","36,140","1,336","35,070","1,048","34,120","1,205","32,650","1,319","30,000","1,013","29,720","1,074","28,430","1,324","26,530",874
Washington,"93,440","3,434","89,430","2,633","87,650","3,307","81,360","3,097","82,450","2,920","79,730","3,025","71,540","2,124","75,420","3,307","70,310","2,092","67,240","3,253","59,070","2,195","63,920","3,386","60,110","2,198","62,190","2,249","56,850","1,983","56,160","2,060","60,390","1,199","56,630","2,021","58,080","1,736","54,720","1,244","50,650","1,045","49,920","1,068","47,510","1,395","45,180",964,"42,490","1,264","42,530","1,211","45,470","2,080","47,420","1,379","44,560","1,715","36,680","1,608","35,570","1,252","33,530","1,190","35,660","1,111","33,900","1,247","33,970","1,185","32,110","1,239","31,960","1,472","32,330","1,030","27,320","1,108","26,880",950,"24,000",756,"25,020",823
West Virginia,"60,410","1,917","52,460","2,383","46,840","2,247","51,970","2,178","53,710","2,995","50,570","1,337","46,960","1,277","45,390","1,485","44,350","1,994","42,820","3,132","39,550","2,195","43,070","3,454","40,240","2,690","43,550","2,774","41,820","1,766","42,780","2,518","40,490",913,"37,990","1,404","42,090",989,"38,420","1,214","36,450","1,076","33,370","1,173","32,760",993,"29,360",699,"29,670",674,"29,410",645,"29,300","1,149","26,700",780,"27,490","1,315","25,250","1,301","24,880",870,"23,560","1,217","22,420",981,"20,270",892,"23,150",918,"22,140","1,142","21,680",843,"19,350",930,"17,210",778,"16,460",905,"15,980",828,"16,840",608
Wisconsin,"79,690","3,750","73,330","2,567","69,940","3,133","67,410","4,826","67,350","2,323","62,630","2,039","63,480","2,908","63,450","3,673","59,820","1,845","55,430","1,487","58,080","2,154","51,730","2,629","55,260","2,338","53,080","1,709","52,060","2,067","50,350","1,435","51,240",806,"51,200",852,"51,280","1,040","51,690","1,146","44,650","1,178","45,730","1,337","46,270",978,"45,900",946,"45,350","1,123","45,090",952,"45,670","1,878","41,330","1,271","39,600","1,150","40,000","1,780","40,960","1,318","35,390","1,272","31,770","1,340","33,310","1,097","31,130","1,018","30,710",897,"29,120","1,240","29,580",978,"26,370","1,410","26,430",803,"23,250","1,161","20,740",821
Wyoming,"77,200","4,350","73,090","2,300","71,050","3,919","65,450","2,206","65,130","3,773","62,540","3,892","59,540","3,184","57,840","3,134","57,830","3,122","60,930","2,024","55,690","2,019","67,440","3,988","55,700","3,168","57,510","2,820","54,510","2,277","52,200","2,181","52,470","2,131","53,340","1,577","48,740","1,363","47,040","1,503","44,720","1,508","45,400","1,146","42,560","1,000","39,760",976,"39,720","1,166","39,630","1,056","37,250","1,285","35,250","1,316","33,420","1,441","30,950",858,"31,530","1,136","33,140","1,848","29,440","1,167","30,210","1,420","29,050","1,382","29,460",991,"29,520","1,289","26,420","1,095","27,590","1,458","23,560",863,"22,080","1,049","23,820",731
2023 Dollars,,,,,,,,,,,,,,,,,,,,,,,,,,,,,,,,,,,,,,,,,,,,,,,,,,,,,,,,,,,,,,,,,,,,,,,,,,,,,,,,,,,,
State,2023,,2022,,2021,,2020 (41),,2019,,2018,,2017 (40),,2017,,2016,,2015,,2014,,2013 (39),,2013 (38),,2012,,2011,,2010 (37),,2009 (36),,2008,,2007,,2006,,2005,,2004 (revised),,2003,,2002,,2001,,2000 (30),,1999 (29),,1998,,1997,,1996,,1995 (25),,1994 (24),,1993 (23),,1992 (22),,1991,,1990,,1989,,1988,,1987 (21),,1986,,1985 (20),,1984 (19),
,Median income,Standard error,Median income,Standard error,Median income,Standard error,Median income,Standard error,Median income,Standard error,Median income,Standard error,Median income,Standard error,Median income,Standard error,Median income,Standard error,Median income,Standard error,Median income,Standard error,Median income,Standard error,Median income,Standard error,Median income,Standard error,Median income,Standard error,Median income,Standard error,Median income,Standard error,Median income,Standard error,Median income,Standard error,Median income,Standard error,Median income,Standard error,Median income,Standard error,Median income,Standard error,Median income,Standard error,Median income,Standard error,Median income,Standard error,Median income,Standard error,Median income,Standard error,Median income,Standard error,Median income,Standard error,Median income,Standard error,Median income,Standard error,Median income,Standard error,Median income,Standard error,Median income,Standard error,Median income,Standard error,Median income,Standard error,Median income,Standard error,Median income,Standard error,Median income,Standard error,Median income,Standard error,Median income,Standard error
United States,"80,610",385,"77,540",612,"79,260",412,"79,560",626,"81,210",650,"75,790",504,"74,810",394,"75,100",410,"73,520",543,"71,000",403,"67,360",492,"68,220",833,"66,130",351,"65,740",269,"65,750",330,"66,730",440,"68,340",292,"68,780",187,"71,210",198,"70,080",301,"69,310",232,"68,250",302,"68,350",297,"68,310",224,"68,870",210,"70,020",220,"70,210",328,"68,470",405,"66,050",305,"64,710",326,"63,770",369,"61,800",282,"61,150",286,"61,450",291,"61,960",296,"63,830",326,"64,610",355,"63,530",324,"63,060",307,"62,280",323,"60,050",325,"58,930",268
Alabama,"60,660","3,993","62,290","2,011","63,750","2,569","63,980","2,998","66,430","2,970","59,900","2,907","62,250","1,339","62,550","1,034","58,800","2,865","55,920","4,295","53,070","1,919","60,250","7,017","52,690","2,947","56,010","3,259","55,940","2,655","55,440","3,245","54,890","1,241","60,810","2,268","59,840","2,013","55,180","1,474","55,580","1,818","56,390","2,006","58,790","2,493","60,570","1,711","57,340","1,641","59,070","1,788","62,540","2,051","63,860","2,301","57,010","2,868","55,250","2,294","48,640","2,369","52,100","2,986","49,100","2,130","51,770","2,122","50,080","2,197","49,790","2,210","47,570","2,392","46,550","2,128","47,750","2,775","47,860","2,214","46,610","1,932","45,510","1,591"
Alaska,"98,190","6,112","93,310","5,034","90,850","4,442","87,440","4,162","92,670","7,902","82,450","4,067","95,440","4,550","88,390","3,327","94,290","5,088","94,360","4,378","84,900","3,958","92,270","6,934","77,840","4,203","82,020","3,658","75,440","4,873","78,340","3,237","84,570","2,404","87,500","3,148","89,290","2,244","82,020","2,174","83,620","1,991","84,760","3,188","81,790","1,548","85,010","1,728","93,550","3,281","88,130","1,933","88,670","3,840","89,260","3,740","85,660","2,245","96,220","3,477","89,740","3,758","86,900","2,862","84,030","3,216","83,850","2,319","83,530","3,748","83,770","3,468","80,480","3,080","77,240","2,760","80,410","3,622","78,440","2,544","88,440","2,769","85,070","3,873"
Arizona,"82,660","2,723","76,370","4,287","79,310","3,801","78,480","3,988","83,540","4,008","74,710","2,748","73,060","3,291","74,800","3,233","71,100","2,454","65,640","2,523","61,830","2,892","66,980","5,558","64,430","6,151","60,620","3,765","63,860","3,184","63,510","3,016","62,790","1,704","64,150","1,538","66,930","2,204","67,830","1,811","67,690","1,901","67,500","1,759","64,960","2,244","64,000","1,616","69,640","2,350","66,340","2,018","63,820","1,955","65,310","2,210","58,440","2,315","57,680","2,323","57,750","2,545","59,940","1,481","59,720","2,192","58,890","2,182","63,220","1,845","62,290","2,432","63,820","2,705","61,680","1,967","64,720","2,158","63,790","1,796","60,710","1,892","56,330","1,601"
Arkansas,"63,250","2,451","56,120","2,470","56,870","1,613","59,400","2,149","64,470","2,818","59,720","2,529","60,880","3,048","59,750","3,233","57,170","2,696","53,770","1,975","56,390","3,196","50,130","3,058","50,830","3,042","50,280","3,624","54,250","2,429","52,260","3,337","50,160","1,248","54,130","1,633","57,830","1,911","53,880","1,115","54,840","1,958","53,850","1,530","50,500","1,224","52,170","1,253","54,370","1,866","49,520","1,287","51,210","1,770","48,710","2,043","46,700","2,060","49,450","1,783","48,310","1,869","48,970","1,808","45,100","1,658","47,900","2,804","48,200","1,610","48,570","2,091","47,910","2,045","47,070","1,647","45,550","2,439","46,850","1,914","44,370","1,943","41,210","1,967"
California,"89,870","1,840","88,690","2,037","91,350","1,365","90,840","1,681","92,330","2,187","84,560","1,479","85,710","1,929","85,370","1,777","82,980","1,339","79,940","2,149","75,930","1,122","77,400","2,306","73,240","1,557","73,480","1,595","70,100","1,810","73,520","1,601","77,070",850,"77,960","1,134","79,000",876,"80,430","1,010","77,430",688,"75,770","1,016","77,790","1,292","76,410","1,234","77,080","1,186","78,070","1,144","75,270","1,213","72,080","1,016","70,850","1,542","70,760","1,491","69,250","1,353","67,680","1,186","66,700","1,274","70,010","1,262","69,240","1,409","70,960","1,204","73,780","1,381","70,670","1,479","72,940","1,302","72,570","1,426","68,600",890,"66,480",957
Colorado,"96,640","6,194","93,510","3,940","95,130","3,533","98,010","7,041","85,700","6,172","87,610","4,273","91,760","3,256","90,770","3,649","87,870","5,137","83,660","4,626","76,500","3,030","86,470","5,257","80,680","3,565","73,780","3,490","77,010","3,353","81,570","3,360","76,790","2,190","83,330","2,595","86,670","1,437","80,970","2,216","75,470","1,925","78,330","2,448","78,800","1,827","77,790","2,358","80,560","1,941","80,450","2,063","83,110","2,558","82,050","1,912","77,170","3,470","74,660","2,423","76,170","2,904","72,470","2,770","67,510","3,071","65,160","2,951","64,790","2,561","65,510","1,931","59,920","3,125","61,170","2,998","64,060","2,601","68,020","2,316","71,660","2,161","67,830","2,116"
Connecticut,"92,240","5,980","94,340","4,414","90,660","5,891","92,930","4,214","103,200","5,474","87,340","6,141","90,930","4,226","89,060","4,294","94,540","4,239","91,570","5,589","88,080","3,346","88,220","4,123","86,300","3,243","82,790","3,676","85,920","3,959","89,380","2,837","89,030","3,169","88,440","3,693","90,920","2,904","90,730","3,143","85,030","2,443","84,820","2,537","86,730","2,463","86,000","2,207","87,000","2,022","83,670","2,263","87,280","3,961","81,890","4,804","78,510","3,550","76,790","5,628","75,310","4,246","78,720","3,055","77,350","3,249","81,920","3,956","86,700","3,998","82,850","4,470","94,600","3,558","84,500","3,017","79,510","3,296","81,850","4,015","79,050","2,871","78,740","3,255"
Delaware,"86,340","3,867","83,960","4,326","76,920","3,269","81,920","6,180","87,700","3,557","77,990","4,317","79,500","6,400","76,260","4,038","72,280","3,726","72,560","4,261","72,210","3,728","68,870","5,538","66,490","3,165","63,110","2,546","71,800","2,292","74,780","3,054","71,550","2,445","69,330","1,898","77,380","3,060","76,240","2,515","76,650","1,610","73,970","2,187","77,350","2,174","79,980","2,714","80,890","2,394","83,990","2,515","80,440","3,935","73,000","3,087","76,810","3,680","71,670","2,556","65,360","3,458","68,720","2,281","70,590","1,662","71,570","2,794","67,020","2,285","65,660","2,372","71,680","2,533","71,180","2,723","70,760","2,117","64,100","3,032","58,430","3,473","67,880","2,700"
District of Columbia,"111,000","4,904","105,700","3,237","101,500","4,206","103,200","4,107","110,100","4,591","102,900","3,190","99,470","2,329","102,000","4,062","88,390","3,404","88,030","3,594","85,710","5,526","76,460","7,040","77,250","3,924","84,080","4,731","72,570","2,770","77,100","4,514","72,960","2,867","76,010","2,411","71,980","1,555","70,480","2,441","67,310","3,242","66,890","2,869","71,080","2,237","62,930","1,603","67,140","1,668","68,740","1,788","66,710","2,759","58,870","2,309","56,870","1,756","58,280","2,877","57,540","2,212","57,690","2,121","53,450","3,379","60,670","2,255","61,470","3,914","58,390","3,330","59,800","2,269","62,400","1,745","66,430","3,109","60,840","3,132","53,590","1,922","53,650","2,261"
Florida,"72,200","1,537","67,960","2,028","66,890","1,690","67,570","2,122","69,000","1,866","65,550","2,264","64,960","1,760","65,690","2,222","63,730","1,040","61,340","1,753","57,920","1,193","61,790","3,584","60,970","2,003","59,370","1,430","59,250","1,495","59,680","2,091","62,650",969,"61,340","1,173","64,910",808,"66,410",914,"64,310","1,212","62,400",973,"61,490","1,198","61,250","1,334","59,400",680,"64,800","1,239","61,810","1,082","61,470","1,351","57,930","1,041","55,860",935,"55,660","1,145","56,110","1,211","55,880","1,384","54,860","1,055","56,050",977,"56,880",968,"58,310","1,062","59,280","1,108","59,250","1,152","57,160","1,351","54,270","1,111","52,020","1,230"
Georgia,"72,420","3,218","70,420","3,099","68,860","2,538","69,330","2,413","66,940","2,106","66,960","2,438","70,960","2,800","69,770","2,979","66,650","2,091","63,780","1,760","62,210","2,522","59,830","5,393","60,400","2,494","62,010","1,938","60,390","3,261","59,750","2,468","59,500","1,724","63,210","1,592","68,950","1,528","71,740","1,759","68,710","1,254","63,090",951,"66,960","1,545","69,170","1,783","69,440","1,750","69,880","1,386","68,010","2,338","68,080","2,076","65,440","1,635","59,250","3,037","63,810","1,679","60,280","2,371","61,980","2,455","57,760","2,463","55,970","2,238","58,750","2,528","61,560","2,282","61,990","2,091","64,640","3,339","60,960","2,782","53,520","2,004","52,540","2,143"
Hawaii,"97,360","4,928","94,620","3,859","92,050","4,244","94,560","2,839","104,000","4,214","96,100","4,177","90,070","2,878","90,040","2,725","89,820","3,126","81,050","3,568","89,410","3,359","81,780","4,988","78,180","2,810","72,500","2,906","77,560","3,325","80,630","3,699","76,400","2,777","84,120","2,025","90,750","3,012","87,910","2,284","89,140","1,813","86,580","2,602","81,790","2,102","76,200","2,208","77,370","2,048","85,960","1,990","76,780","3,160","71,890","4,172","73,060","2,497","76,160","3,451","80,190","2,418","80,940","4,641","83,510","3,443","84,470","2,878","76,610","3,353","82,960","3,014","78,310","2,968","77,060","3,458","84,740","2,599","72,550","3,017","73,640","3,677","75,920","3,197"
Idaho,"73,910","2,417","75,460","2,763","86,130","2,058","78,060","2,326","78,000","2,544","70,450","2,885","72,810","2,764","73,680","2,937","70,440","1,570","64,850","1,583","67,080","3,229","61,710","6,982","65,910","4,655","61,750","4,089","62,340","4,582","63,720","2,531","64,220","1,735","64,840","2,299","69,720","1,830","67,190","1,907","66,090","1,876","68,280","2,135","66,860","1,550","60,750","1,806","62,370","1,575","62,720","1,988","61,760","2,438","64,590","1,919","59,620","2,390","63,280","2,445","61,150","2,088","60,410","2,448","60,700","2,590","55,570","1,753","53,720","2,116","53,940","2,078","55,110","2,130","54,720","2,343","50,220","2,018","51,900","1,701","52,790","1,520","55,450","2,532"
Illinois,"87,820","3,527","81,120","2,459","88,750","1,983","86,960","2,605","87,950","3,103","84,140","2,703","80,730","2,040","79,060","2,446","76,440","2,193","75,900","2,511","68,940","2,040","68,670","4,185","72,820","2,220","66,670","1,711","66,510","1,805","68,700","1,996","72,580","1,292","72,820","1,812","74,430","1,347","70,760","1,697","72,410","1,475","70,930","1,267","71,250","1,692","68,800","1,379","75,300","1,434","76,820","1,611","79,930","1,773","76,030","2,173","73,690","1,396","72,110","2,018","71,240","1,637","67,200","1,531","64,320","1,586","63,290","1,508","65,580","1,469","69,370","1,543","69,960","1,393","68,890","1,759","65,530","1,297","66,320","1,586","63,230","1,330","62,450","1,491"
Indiana,"76,910","3,445","72,810","2,825","78,600","2,821","78,150","4,885","78,840","3,679","71,850","2,396","71,920","2,025","72,050","2,479","69,850","3,583","65,310","2,113","60,330","2,439","62,970","5,740","64,360","4,100","59,480","2,303","58,380","3,033","62,490","3,485","60,830","1,490","63,610","1,620","67,260","1,779","66,010","1,797","63,490","1,646","65,160","1,772","66,940","1,513","66,120","1,205","65,850","1,546","68,150","1,132","70,450","2,966","69,960","2,798","69,410","2,112","64,080","2,366","62,470","2,702","53,360","1,977","57,700","2,664","57,230","2,638","55,720","1,896","57,400","2,343","57,890","2,284","61,350","2,172","54,490","2,284","56,850","1,774","57,650","1,592","59,860","1,867"
Iowa,"80,860","4,593","79,350","3,488","81,110","3,929","80,510","3,915","78,080","4,739","82,430","3,491","77,670","5,825","77,680","6,745","73,590","3,093","76,450","4,114","72,570","4,300","76,590","7,810","69,840","2,504","68,870","2,755","65,960","2,593","66,380","1,817","69,630","2,107","68,560","1,768","69,330","2,057","69,970","2,168","69,570","2,003","66,790","2,341","65,300","1,395","66,120","1,856","66,830","1,848","68,360","1,352","70,900","1,949","65,190","2,117","60,300","2,288","60,550","2,784","66,470","1,763","63,360","2,452","56,110","2,427","57,660","1,950","58,730","2,082","58,170","2,102","58,710","1,770","56,710","2,515","53,690","2,207","56,180","1,876","53,210","1,536","52,220","1,959"
Kansas,"84,830","5,520","75,950","3,577","85,080","4,718","85,500","4,249","86,470","5,117","76,700","2,432","69,630","2,370","70,820","3,546","70,740","4,069","68,930","4,687","67,090","3,594","60,880","5,724","65,550","1,907","64,440","2,335","60,610","2,561","62,370","2,459","61,390","2,455","65,470","1,928","68,740","2,559","66,230","1,820","62,870","1,474","63,220","2,692","69,790","2,092","68,650","1,687","67,540","1,818","68,470","1,948","64,430","3,585","64,640","2,847","65,100","2,881","59,410","2,662","56,780","1,723","54,250","2,038","58,270","2,239","60,870","2,281","60,250","1,921","63,770","2,513","60,040","2,030","59,650","2,690","61,900","2,178","59,850","1,956","57,940","2,627","64,750","2,398"
Kentucky,"61,980","3,789","58,090","4,222","62,290","3,388","66,400","2,753","65,800","3,018","65,440","4,400","60,790","2,307","62,840","1,669","56,500","2,497","53,250","2,850","53,710","1,983","57,140","4,996","53,680","2,386","52,940","2,448","52,350","2,426","55,670","3,823","58,570","1,803","56,260","1,110","55,920","1,717","57,410","1,528","54,900","1,343","54,820","1,875","58,280","1,352","59,220","1,408","62,690","1,646","60,480","1,414","58,200","2,560","63,840","2,661","59,710","2,961","59,090","2,624","55,780","2,150","50,940","1,969","47,710","2,136","47,110","2,525","48,880","2,151","52,820","2,586","52,040","2,696","46,450","1,869","50,020","2,272","49,710","2,516","44,140","1,902","46,480","2,837"
Louisiana,"57,650","2,368","60,640","2,104","64,060","3,224","59,880","1,875","61,120","1,670","59,950","2,104","53,310","2,555","53,730","1,778","52,540","1,491","57,690","2,688","53,230","2,337","59,110","3,238","50,450","3,638","50,370","2,076","53,400","2,534","53,220","4,399","62,370","2,489","54,100","2,032","58,560","1,328","53,050","2,072","55,710","1,940","56,080","1,913","52,870","1,740","54,780","2,026","54,340","1,949","51,230","1,381","56,330","2,146","55,880","2,923","59,370","2,768","55,170","2,352","52,300","2,040","49,180","2,875","51,500","2,278","51,030","2,291","52,040","2,378","47,760","3,368","51,100","4,151","47,830","3,439","51,660","2,076","52,260","2,391","53,850","1,851","49,820","2,314"
Maine,"75,740","4,165","78,150","3,686","79,660","3,463","74,510","4,021","78,660","5,913","70,370","6,817","65,240","3,819","63,220","2,626","63,330","4,167","63,760","2,423","64,910","2,725","69,970","4,918","63,810","2,487","63,350","2,896","65,270","2,605","64,910","2,285","65,210","2,387","64,580","1,964","67,890","1,982","66,360","2,613","65,710","2,144","63,620","1,883","58,560","1,491","59,360","1,363","59,710","1,553","62,150","1,423","67,040","2,275","62,760","1,847","58,490","2,322","63,260","2,208","63,360","2,036","58,070","2,944","53,710","2,355","59,410","2,058","57,320","2,577","58,540","3,351","63,080","3,105","61,600","2,198","57,100","2,466","58,590","2,426","52,170","2,042","54,280","2,324"
Maryland,"102,000","5,939","112,500","5,568","109,000","5,031","110,900","4,955","113,000","3,881","103,400","3,996","100,500","4,458","99,230","4,469","91,850","3,226","92,450","3,382","95,610","5,363","88,300","3,781","83,090","5,584","92,570","2,385","90,470","2,791","86,950","3,111","88,120","2,298","87,120","2,419","93,030","2,354","92,560","2,328","90,530","2,210","87,900","2,605","82,550","1,930","90,860","2,468","87,300","2,694","90,950","2,335","90,060","3,825","88,070","3,805","83,330","2,634","80,210","4,676","76,800","3,045","75,090","2,682","78,180","2,509","74,630","3,262","76,000","2,915","82,830","3,402","80,500","2,653","85,290","2,791","84,610","3,358","76,560","2,592","76,620","2,456","78,100","3,026"
Massachusetts,"106,500","3,118","97,260","3,411","96,940","4,590","102,700","7,402","103,700","3,343","103,600","3,341","93,300","2,930","89,610","4,073","89,990","3,625","85,250","3,505","79,280","3,342","79,610","6,752","80,160","4,400","82,030","4,862","83,160","4,237","82,520","2,970","81,510","2,401","82,480","2,289","82,870","3,162","80,440","3,023","83,800","2,624","80,080","2,566","80,400","1,504","80,310","1,857","85,220","2,476","77,970","2,263","75,920","3,490","74,560","3,453","75,010","2,469","72,000","3,522","72,180","2,760","77,580","2,030","72,550","1,858","72,930","1,480","73,460","1,625","77,260","1,765","80,660","1,574","77,500","1,958","78,010","1,732","75,890","1,839","71,720","2,060","70,880","1,822"
Michigan,"76,960","2,965","71,730","2,905","72,210","4,277","75,330","3,733","75,790","1,986","72,510","2,286","69,030","2,797","70,610","2,860","71,090","2,376","68,090","2,519","65,280","1,505","72,020","2,021","62,130","2,838","64,450","1,952","64,200","2,422","62,670","2,352","63,140","1,377","68,080","1,578","69,980","1,131","70,730","1,404","68,720","1,369","65,050","1,321","71,040","1,499","68,810","1,796","73,470","1,416","75,900","1,826","79,510","1,770","73,640","1,615","69,150","1,978","71,510","2,084","68,160","1,860","67,590","1,312","63,930","1,335","64,720","1,526","66,060","1,417","63,810","1,413","68,790","1,766","68,770","1,416","67,030","1,752","66,550","1,621","61,640","2,131","60,380","1,669"
Minnesota,"90,340","3,160","93,980","4,478","90,080","5,655","92,130","3,969","96,250","3,532","86,150","4,386","85,630","5,689","88,010","3,660","87,440","5,037","86,340","3,848","84,410","4,026","81,900","5,083","77,550","2,347","79,630","1,725","75,950","3,126","70,860","2,175","77,000","1,698","75,100","1,951","82,300","2,676","81,720","1,771","81,110","1,861","86,360","1,647","83,350","1,938","87,980","1,927","85,920","1,849","90,470","2,840","81,150","2,634","84,390","3,724","75,970","2,695","74,730","2,233","70,980","3,458","64,450","2,605","65,930","2,372","62,140","2,602","60,630","2,357","67,070","2,191","67,470","2,857","67,870","2,429","67,950","2,693","66,150","2,877","60,660","2,599","64,240","2,403"
Mississippi,"55,060","2,393","50,540","2,523","52,230","2,021","52,800","3,068","52,940","3,543","51,320","2,764","52,960","2,197","53,160","2,697","51,180","1,527","50,300","1,345","44,590","1,624","41,170","3,476","52,010","2,730","47,220","1,992","53,970","3,108","51,680","3,833","48,160","1,790","49,830","1,135","52,840","1,348","50,500","2,301","49,180","1,933","53,500","1,743","51,640","1,756","49,740","1,234","49,190","1,934","57,200","2,258","56,030","2,429","51,280","2,039","50,870","2,474","48,640","2,399","49,660","1,924","48,650","1,440","43,440","2,406","41,260","2,154","40,060","2,166","43,010","1,710","44,520","2,117","42,390","2,072","44,790","2,180","41,310","1,598","41,730","1,574","40,570","1,924"
Missouri,"78,290","3,669","74,360","4,197","71,210","3,034","72,740","3,176","71,630","3,466","74,050","2,929","69,180","2,855","69,610","3,195","68,510","2,141","74,370","3,275","71,090","3,804","58,950","5,263","64,060","4,708","64,130","2,631","60,120","2,833","62,050","2,921","66,950","2,190","62,950","1,567","65,210","1,565","64,810","2,038","64,310","1,480","64,860","1,652","69,050","1,381","68,900","1,730","67,420","1,964","75,210","1,979","71,390","2,055","70,790","3,289","65,240","3,677","62,470","2,758","65,170","2,569","57,830","2,762","56,140","2,870","54,880","2,911","57,440","2,910","58,260","2,971","59,230","1,667","54,700","2,539","57,390","2,824","54,840","1,931","55,780","1,546","54,620","1,880"
Montana,"79,220","4,070","75,870","2,992","72,790","5,599","66,380","2,921","71,150","2,711","69,190","3,450","70,250","2,720","72,310","3,168","71,070","3,586","64,570","3,690","64,150","2,232","55,000","7,570","56,190","4,140","58,100","3,305","52,900","2,674","55,910","2,501","55,520","1,376","58,660","2,412","61,880","2,408","59,760","1,013","55,820","1,737","52,270","1,091","53,820","1,684","56,110","1,952","52,390","1,202","54,660","1,669","53,550","1,666","55,600","1,995","52,140","2,044","52,300","2,855","51,940","2,068","52,930","2,387","51,810","1,889","53,210","1,460","51,060","1,831","49,830","2,095","52,960","2,930","51,870","1,934","49,540","1,933","50,850","1,874","51,450","2,034","51,360","1,893"
Nebraska,"89,190","4,239","81,480","3,273","87,470","4,437","84,520","2,869","86,370","3,852","81,060","4,718","72,910","3,414","72,960","3,485","73,930","3,335","75,970","3,690","71,390","2,830","73,370","5,369","68,470","2,311","67,260","3,478","73,050","3,537","71,110","2,385","68,090","2,275","69,360","1,715","69,700","1,955","70,000","2,166","71,690","2,165","67,400","2,050","69,390","2,061","68,940","1,672","71,120","1,820","69,620","1,698","66,640","2,357","64,120","2,728","61,920","2,727","62,010","2,735","61,620","2,161","60,900","2,138","60,700","1,631","60,270","2,148","60,780","2,071","58,580","2,404","58,830","3,400","58,700","2,240","56,300","1,841","54,460","2,036","55,430","2,324","56,250","2,011"
Nevada,"81,310","3,631","75,200","3,695","72,050","3,919","71,550","2,839","83,820","4,096","74,210","2,538","71,030","3,612","69,200","3,719","69,020","2,661","65,340","2,854","62,610","2,305","66,010","4,046","57,760","3,603","61,000","3,264","61,790","3,506","69,340","2,603","70,610","1,506","74,850","3,634","76,630","1,834","76,010","1,820","72,120","2,513","72,660","2,127","71,300","2,452","72,420","1,870","74,050","1,843","76,310","1,686","71,530","3,043","70,010","2,157","69,350","2,813","70,260","2,944","67,520","2,459","68,710","2,938","70,100","2,110","64,000","1,597","67,750","3,217","68,260","2,513","65,580","2,119","65,290","2,231","65,030","2,729","65,580","2,239","59,180","2,555","67,770","2,676"
New Hampshire,"98,780","4,779","88,350","5,774","99,490","5,396","104,000","4,073","102,700","3,217","97,580","4,071","92,550","4,823","91,540","3,721","94,960","3,627","95,070","4,421","92,140","4,084","87,980","5,051","90,810","4,152","87,390","2,866","86,530","2,170","90,240","2,236","88,040","2,548","90,490","4,381","95,790","2,617","90,090","2,150","85,250","3,031","87,460","2,038","87,680","2,058","89,110","2,076","83,710","1,173","84,930","2,073","79,450","3,367","79,170","3,286","73,180","2,863","71,840","3,161","73,300","2,912","67,510","3,519","74,310","3,171","79,100","3,855","74,110","2,754","86,980","2,799","83,890","3,064","80,790","2,634","78,250","3,508","76,410","2,074","67,130","2,731","68,130","1,932"
New Jersey,"91,590","4,838","96,010","3,590","99,170","5,321","100,100","4,745","103,700","4,809","88,980","3,413","87,180","5,053","89,330","3,670","85,260","3,570","85,880","3,935","81,900","3,381","81,170","5,684","78,660","3,893","85,940","2,526","81,880","3,977","85,280","3,309","88,930","2,635","89,300","3,141","85,770","2,067","98,950","2,877","94,800","3,377","85,090","1,975","88,430","1,614","87,900","2,585","84,430","1,522","84,060","1,653","85,800","2,424","87,740","2,529","85,710","2,542","86,540","2,219","82,190","2,620","80,990","2,038","79,280","1,930","78,230","1,687","82,370","2,125","82,560","1,842","87,440","2,119","84,670","1,535","82,850","1,921","79,330","2,106","78,770","1,635","73,020","2,103"
New Mexico,"60,980","2,663","58,660","2,441","59,870","3,518","59,550","2,011","62,780","2,596","57,920","2,641","55,800","2,235","58,560","2,410","60,330","3,687","56,680","3,624","58,610","4,158","51,140","5,612","53,640","3,399","55,960","2,921","55,140","2,829","61,120","4,085","59,780","2,051","57,570","1,888","62,870","2,089","58,190","1,827","58,270","2,543","60,900","2,438","55,390","1,802","57,110","1,709","54,020","2,019","58,520","2,081","56,200","3,012","55,540","2,462","53,700","2,065","45,740","1,989","48,640","2,058","51,540","2,647","52,380","1,670","51,870","2,702","54,590","2,458","53,370","2,234","50,520","2,300","45,020","1,944","50,230","1,503","49,640","1,734","51,930","2,606","54,240","2,705"
New York,"81,600","1,979","78,920","2,089","81,660","3,103","80,320","2,804","84,940","2,009","80,700","2,066","75,310","2,107","76,420","2,561","76,500","1,750","72,870","2,770","68,180","2,236","63,620","2,886","68,550","2,091","61,440","2,042","66,510","1,321","67,420","1,788","68,940",822,"69,000",933,"69,380","1,301","70,110","1,438","70,580","1,237","68,730","1,219","67,520","1,376","67,600",934,"68,680",979,"67,950",969,"68,990","1,516","65,850","1,368","63,900","1,132","64,560","1,360","61,800","1,340","61,100",914,"62,040","1,088","62,290","1,061","65,390","1,107","67,340","1,089","70,400","1,013","67,470","1,559","63,840","1,103","62,600","1,186","60,100","1,330","57,910","1,096"
North Carolina,"68,610","3,286","67,660","3,115","70,430","2,353","70,700","1,928","72,290","1,949","64,020","2,112","60,630","2,713","61,610","2,154","66,950","2,028","63,820","1,687","58,730","2,147","59,000","3,787","52,470","2,620","53,550","1,667","59,380","2,049","59,360","2,604","57,530",791,"58,700","1,157","61,680","1,520","57,860","1,185","62,920","1,442","61,940","1,250","58,820","1,485","58,820","1,153","62,240","1,551","63,900","1,344","64,270","1,656","63,110","1,800","63,970","1,637","64,910","1,838","59,840","1,662","57,680","1,283","56,410","1,278","55,710","1,236","55,230","1,049","56,120","1,185","59,020","1,156","56,970","1,251","55,070","1,311","54,680","1,746","54,540","1,487","54,080","1,685"
North Dakota,"76,960","4,466","81,840","4,544","77,140","3,058","75,010","2,739","82,780","3,748","79,780","3,713","73,630","2,572","73,280","2,051","74,940","2,852","72,130","4,062","76,240","3,939","75,310","4,394","67,340","3,645","71,860","2,736","74,030","3,888","69,080","3,130","68,750","2,386","67,860","1,624","66,910","1,814","59,680","2,043","63,120","1,827","60,370","1,926","63,760","1,344","58,310","1,327","58,370","1,311","60,030","1,776","56,350","2,386","53,360","2,076","56,510","2,429","57,370","2,159","54,430","2,277","54,170","2,136","55,040","1,634","54,080","1,807","53,260","1,917","53,850","2,138","56,390","2,018","56,210","2,354","54,630","2,190","53,800","1,964","53,920","2,057","54,610","2,729"
Ohio,"73,770","2,968","70,200","2,302","70,200","3,281","70,640","1,804","76,440","3,560","73,930","2,704","74,270","2,315","73,140","2,313","67,220","2,358","66,960","2,459","62,320","1,749","64,610","3,117","59,070","1,765","57,180","2,220","58,650","1,576","62,140","2,022","62,990",859,"64,180","1,160","69,600","1,538","66,730",920,"66,130","1,565","66,280","1,504","68,670","1,467","68,760","1,252","68,150","1,078","71,650","1,221","68,120","1,706","68,540","2,775","64,500","1,596","62,110","1,938","65,380","1,849","61,020","1,119","61,240","1,288","62,990","1,177","61,270","1,561","63,980","1,535","64,870","1,464","64,730","1,484","62,360","1,343","62,820","1,471","64,010","1,434","60,790","1,293"
Oklahoma,"67,330","2,374","65,960","3,505","67,300","4,382","61,380","2,236","70,210","2,786","65,300","3,328","63,490","3,805","67,310","3,796","63,440","2,057","59,140","2,433","59,250","3,484","58,770","4,382","55,740","5,201","62,380","3,635","63,650","3,146","58,370","2,807","62,990","1,564","63,050","1,273","61,260","2,060","56,460","2,322","56,320","2,168","60,980","1,727","56,650","1,232","58,730",987,"58,070","1,125","54,090","1,182","56,380","2,572","59,390","2,169","55,960","1,830","50,020","1,985","49,240","1,647","51,700","2,324","51,400","2,920","50,720","2,156","52,370","2,219","51,980","2,225","52,900","2,763","55,220","1,764","52,480","2,139","52,400","2,179","53,920","1,943","55,600","1,888"
Oregon,"88,740","3,778","90,230","3,567","91,660","3,439","89,910","4,191","87,960","6,709","82,970","4,384","76,480","3,111","79,070","3,495","73,640","3,265","76,420","2,982","73,910","3,764","62,390","3,676","71,690","2,574","66,720","3,003","67,680","2,111","68,530","2,038","67,410","2,257","70,730","1,879","71,210","1,924","68,460","2,030","66,060","2,081","63,100","1,618","65,700","1,523","67,330","1,377","67,310","1,226","70,870","1,561","70,070","2,160","68,790","3,393","66,480","3,191","64,710","2,323","68,070","1,815","60,260","2,161","64,870","2,271","64,040","4,090","62,100","2,236","62,410","2,059","63,770","3,208","64,750","2,683","60,580","2,642","61,970","2,506","55,670","2,649","56,260","1,959"
Pennsylvania,"79,820","3,597","75,070","2,697","81,330","2,300","82,810","3,993","83,430","3,813","77,400","1,961","75,000","2,259","77,310","3,369","75,930","2,535","75,870","2,798","69,260","2,845","70,220","3,738","68,690","2,045","66,890","1,811","65,560","2,225","65,430","2,042","66,130","1,286","70,290",805,"68,660","1,321","70,480","1,263","69,270","1,115","67,900","1,599","67,740","1,228","68,460","1,281","70,940","1,179","70,330","1,174","65,140","1,968","68,700","1,902","66,960","1,721","63,630","1,776","64,600","1,278","61,420","1,253","60,670","1,358","59,940","1,338","62,460","1,263","61,830","1,467","64,130","1,529","62,400","1,160","61,520","1,309","59,550","1,238","58,170","1,368","53,490","1,312"
Rhode Island,"81,860","4,838","83,860","4,284","83,970","4,727","93,790","3,956","82,920","5,886","74,690","4,016","80,030","4,949","81,240","5,151","76,620","3,522","69,980","4,079","73,600","5,023","71,710","4,904","73,610","2,718","72,250","3,300","64,410","2,999","69,910","2,343","70,890","1,985","72,800","3,280","76,840","2,621","78,120","2,650","74,030","2,178","73,790","3,036","70,550","1,971","68,330","1,409","74,570","1,871","70,370","1,698","73,700","3,416","71,640","4,679","62,110","3,989","67,430","1,889","66,170","2,569","61,160","2,530","65,590","3,028","61,040","2,874","63,420","2,244","68,140","2,505","67,330","3,026","69,630","3,696","68,460","3,484","66,390","2,652","62,610","2,288","56,820","2,229"
South Carolina,"69,100","2,154","64,220","2,704","70,040","2,420","70,590","2,317","73,320","2,108","68,910","2,498","66,740","2,610","67,270","2,543","67,660","3,926","58,240","2,847","56,400","2,817","55,460","3,040","55,700","3,781","57,220","2,780","52,650","2,236","56,470","1,977","56,430","1,528","57,640","1,533","62,670","2,201","57,600","1,958","60,190","1,801","59,560","1,572","60,720","1,769","60,910","1,972","61,540","1,668","62,650","1,563","62,900","2,981","58,580","2,307","61,150","2,872","63,200","2,562","54,400","2,620","57,170","2,182","51,000","1,879","55,320","2,876","56,490","2,339","61,250","2,948","53,190","2,367","59,580","2,683","60,610","2,749","54,950","2,161","50,940","2,192","53,390","2,456"
South Dakota,"81,740","4,466","69,850","3,533","82,750","2,973","82,110","5,069","75,950","4,463","71,330","3,169","69,650","4,878","69,620","4,446","71,540","3,829","69,180","3,271","66,600","4,446","68,010","3,714","69,330","3,858","63,680","2,197","62,030","2,820","61,420","2,770","62,910","1,770","70,560","1,361","65,800","1,276","66,040","2,386","64,560","2,048","63,280","1,532","62,360","1,584","61,010","1,535","64,700","1,396","60,830","1,146","61,810","1,629","57,730","1,784","53,000","2,044","53,830","1,829","55,350","3,013","56,950","2,270","54,290","2,036","52,670","1,342","50,680","1,604","52,380","1,829","53,890","2,233","52,020","1,640","51,180","1,445","49,770","1,661","46,130","1,785","51,030","2,440"
Tennessee,"72,700","2,948","67,980","2,666","69,610","2,956","64,310","2,111","66,940","3,270","67,250","1,730","67,680","2,608","67,600","2,646","63,940","1,727","59,460","2,146","54,880","2,920","55,210","4,373","54,110","3,736","55,400","3,102","55,530","3,357","52,260","1,702","55,630","1,356","54,290","1,656","58,390","1,582","59,160","1,098","58,950","1,782","58,610","1,627","59,210","1,864","59,650","1,790","58,360","1,290","56,860","1,551","63,010","2,260","60,030","2,301","54,680","2,424","56,130","1,982","54,300","2,373","54,860","1,969","49,140","1,627","48,780","1,831","50,300","1,882","48,160","1,852","50,540","2,917","48,660","2,373","51,250","1,924","45,670","2,211","45,200","1,416","44,120","1,514"
Texas,"79,060","2,084","77,600","1,905","75,480","1,708","80,020","2,267","79,720","2,091","71,720","1,646","73,540","1,623","72,560","2,083","72,410","1,752","70,950","1,619","67,630","1,687","65,450","1,732","67,510","2,054","66,910","1,224","64,420","1,514","64,010","1,570","65,180","1,020","63,570",922,"65,280",992,"62,960","1,204","61,970",628,"63,730",845,"61,970","1,202","64,670",907,"66,640",835,"64,390","1,309","66,740","1,760","63,010","1,166","62,610","1,571","60,300","1,391","59,950","1,186","58,910","1,255","56,230","1,200","56,070","1,272","57,040","1,288","60,170","1,526","57,860","1,249","58,250","1,358","59,820","1,541","60,440","1,286","60,370","1,388","60,530","1,401"
Utah,"101,200","4,985","99,610","4,190","98,150","4,746","98,260","3,369","99,910","4,130","92,450","2,791","85,400","2,648","87,280","2,753","84,030","2,786","83,240","3,093","79,570","4,056","77,730","1,977","80,170","5,267","75,180","3,794","72,890","2,179","76,790","2,657","80,300","2,180","85,510","2,087","75,880","1,727","79,420","2,429","82,000","1,949","78,310","1,427","77,750","1,423","77,090","1,846","77,210","2,611","79,300","1,736","79,440","2,786","78,000","2,421","76,350","3,186","67,530","2,425","68,260","1,720","68,420","1,994","70,050","2,431","68,700","2,297","57,620","2,795","64,250","2,170","68,660","2,267","61,400","2,121","64,190","2,889","65,740","2,026","64,170","1,785","60,620","1,932"
Vermont,"85,190","4,567","75,060","4,328","85,190","3,887","78,680","4,790","87,830","3,646","84,050","2,819","77,930","4,048","78,080","3,834","75,760","1,699","74,740","3,294","76,210","3,889","83,410","5,109","69,830","3,795","71,620","3,905","68,120","2,636","75,740","3,043","71,830","1,974","69,330","1,343","67,180","1,982","75,570","1,841","75,860","1,958","72,860","1,955","68,260","1,542","69,260","1,337","66,530","1,540","66,030","1,536","71,740","2,427","69,330","2,802","62,570","3,083","58,990","2,279","63,290","2,324","68,580","3,651","60,810","1,871","65,700","2,674","59,970","2,513","66,290","2,837","69,950","2,539","67,640","2,513","61,490","3,325","61,530","2,509","66,110","2,395","59,360","2,584"
Virginia,"96,490","4,469","88,550","4,244","89,890","3,306","96,180","3,644","96,120","3,613","92,550","3,702","86,650","4,656","87,240","4,009","82,750","3,033","77,240","3,064","83,050","3,698","83,910","3,489","86,090","3,236","83,290","2,791","82,250","2,329","81,750","2,661","83,060","1,638","84,760","1,979","83,860","1,935","83,040","2,315","77,670","1,773","78,720","1,718","86,440","2,466","79,950","2,078","81,940","1,872","78,650","1,776","78,830","3,054","76,340","3,865","76,670","3,386","71,490","2,660","67,780","2,603","72,110","2,933","71,310","2,715","76,620","2,726","74,330","2,748","74,760","2,234","76,260","2,693","76,180","3,078","72,580","2,451","74,330","2,687","72,280","3,366","69,740","2,298"
Washington,"93,440","3,434","92,980","2,738","98,150","3,703","95,180","3,624","97,470","3,451","95,640","3,629","87,550","2,599","92,290","4,047","87,550","2,605","84,480","4,087","74,150","2,755","81,390","4,311","76,530","2,799","80,140","2,898","74,670","2,605","76,060","2,790","82,910","1,646","77,440","2,763","82,330","2,461","79,560","1,809","75,770","1,563","76,850","1,644","74,960","2,201","72,780","1,553","69,300","2,061","70,920","2,020","78,450","3,588","83,500","2,428","79,540","3,061","66,870","2,932","66,560","2,343","64,230","2,279","69,790","2,175","68,000","2,501","69,870","2,437","68,450","2,641","71,440","3,290","75,430","2,403","66,100","2,681","67,240","2,376","61,020","1,922","65,770","2,164"
West Virginia,"60,410","1,917","54,540","2,478","52,450","2,517","60,800","2,548","63,480","3,540","60,670","1,604","57,460","1,563","55,550","1,817","55,230","2,483","53,800","3,935","49,650","2,755","54,840","4,398","51,230","3,425","56,120","3,575","54,930","2,320","57,930","3,410","55,590","1,253","51,950","1,920","59,660","1,402","55,860","1,765","54,520","1,610","51,370","1,806","51,700","1,567","47,290","1,126","48,390","1,099","49,050","1,076","50,540","1,982","47,020","1,373","49,060","2,347","46,030","2,372","46,560","1,628","45,140","2,331","43,890","1,920","40,660","1,789","47,610","1,888","47,190","2,434","48,450","1,884","45,160","2,170","41,630","1,882","41,180","2,264","40,640","2,105","44,280","1,598"
Wisconsin,"79,690","3,750","76,240","2,669","78,320","3,508","78,860","5,646","79,620","2,746","75,130","2,446","77,690","3,559","77,650","4,495","74,490","2,297","69,630","1,868","72,910","2,704","65,860","3,347","70,350","2,977","68,400","2,202","68,380","2,715","68,190","1,943","70,340","1,107","70,010","1,165","72,690","1,474","75,150","1,666","66,800","1,762","70,400","2,058","73,010","1,543","73,940","1,524","73,950","1,831","75,190","1,588","78,780","3,240","72,770","2,238","70,670","2,053","72,930","3,245","76,640","2,466","67,790","2,437","62,180","2,623","66,810","2,200","64,040","2,094","65,460","1,912","65,100","2,772","69,010","2,282","63,800","3,412","66,110","2,009","59,110","2,952","54,530","2,158"
Wyoming,"77,200","4,350","76,000","2,391","79,570","4,388","76,570","2,581","76,990","4,459","75,020","4,669","72,860","3,896","70,780","3,835","72,010","3,888","76,540","2,543","69,910","2,535","85,870","5,078","70,920","4,034","74,110","3,634","71,600","2,991","70,700","2,954","72,040","2,926","72,930","2,156","69,090","1,932","68,390","2,185","66,900","2,256","69,880","1,764","67,150","1,578","64,050","1,572","64,780","1,902","66,090","1,761","64,260","2,217","62,070","2,317","59,660","2,572","56,430","1,564","59,000","2,126","63,480","3,540","57,630","2,284","60,600","2,848","59,750","2,843","62,800","2,112","65,990","2,881","61,640","2,555","66,760","3,528","58,930","2,159","56,140","2,667","62,610","1,922"